Workbook

Sheet Assumptions
B2: Parameter | C2: Value | D2: Unit
B3: Electrical output | C3: 1000 | D3: MW
B4: Thermal efficiency | C4: 0.33 | D4: %
B5: Hours per year | C5: 8760 | D5: h/year
B6: Capacity factor | C6: 0.91 | D6: %
B7: Nuclear emissions intensity | C7: 12 | D7: g CO₂e/kWh
B8: Gas emissions intensity | C8: 400 | D8: g CO₂e/kWh
B11: Project information
B12: Plant type | C12: Hypothetical nuclear power plant
B13: Electrical capacity | C13: 1 GW
B14: Analysis type | C14: Simplified process engineering assessment

Sheet Energy model
B2: Calculation | C2: Value | D2: Unit
B3: Electrical power | C3: =Assumptions!C3 -> 1000 | D3: MW
B4: Thermal efficiency | C4: =Assumptions!C4 -> 0.33 | D4: %
B5: Required thermal power | C5: =C3/C4 -> 3030.303 | D5: MW
B6: Waste heat | C6: =C5-C3 -> 2030.303 | D6: MW
B7: Capacity factor | C7: =Assumptions!C6 -> 0.91 | D7: %
B8: Annual electricity generation | C8: =C3*Assumptions!C5*C7/1000000 -> 7.9716 | D8: TWh/year
B11: Emissions comparison
B12: Annual electricity generation | C12: =C8*1000000000 -> 7971600000 | D12: kWh/year
B13: Nuclear emissions intensity | C13: =Assumptions!C7 -> 12 | D13: g CO₂e/kWh
B14: Nuclear annual emissions | C14: =C12*C13/1000000 -> 95659.2 | D14: tonnes CO₂e/year
B15: Gas emissions intensity | C15: =Assumptions!C8 -> 400 | D15: g CO₂e/kWh
B16: Gas annual emissions | C16: =C12*C15/1000000 -> 3188640 | D16: tonnes CO₂e/year

Sheet Sensitivity analysis
A1: Thermal efficiency | B1: 0.25 | C1: 0.3 | D1: 0.33 | E1: 0.35 | F1: 0.4
A2: Required thermal power (MW) | B2: =Assumptions!$C$3/B1 -> 4000 | C2: =Assumptions!$C$3/C1 -> 3333.3333 | D2: =Assumptions!$C$3/D1 -> 3030.303 | E2: =Assumptions!$C$3/E1 -> 2857.1429 | F2: =Assumptions!$C$3/F1 -> 2500
A3: Waste heat (MW) | B3: =B2-Assumptions!$C$3 -> 3000 | C3: =C2-Assumptions!$C$3 -> 2333.3333 | D3: =D2-Assumptions!$C$3 -> 2030.303 | E3: =E2-Assumptions!$C$3 -> 1857.1429 | F3: =F2-Assumptions!$C$3 -> 1500
A6: Capacity factor | B6: 0.7 | C6: 0.8 | D6: 0.9 | E6: 0.91 | F6: 0.95
A7: Annual electricity generation (TWh/year) | B7: =Assumptions!$C$3*Assumptions!$C$5*B6/1000000 -> 6.132 | C7: =Assumptions!$C$3*Assumptions!$C$5*C6/1000000 -> 7.008 | D7: =Assumptions!$C$3*Assumptions!$C$5*D6/1000000 -> 7.884 | E7: =Assumptions!$C$3*Assumptions!$C$5*E6/1000000 -> 7.9716 | F7: =Assumptions!$C$3*Assumptions!$C$5*F6/1000000 -> 8.322

Sheet Results
A2: Nuclear power plant: Key results | E2: Simplified nuclear power generation process
A4: Parameter | B4: Result | C4: Unit
A5: Electrical output | B5: =Assumptions!C3 -> 1000 | C5: MW
A6: Thermal power required | B6: ='Energy model'!C5 -> 3030.303 | C6: MW
A7: Waste heat | B7: ='Energy model'!C6 -> 2030.303 | C7: MW
A8: Thermal efficiency | B8: =Assumptions!C4 -> 0.33 | C8: %
A9: Capacity factor | B9: =Assumptions!C6 -> 0.91 | C9: %
A10: Annual electricity generation | B10: ='Energy model'!C8 -> 7.9716 | C10: TWh/year
A11: Nuclear annual emissions | B11: ='Energy model'!C14 -> 95659.2 | C11: tonnes CO₂e/year
A12: Gas annual emissions | B12: ='Energy model'!C16 -> 3188640 | C12: tonnes CO₂e/year
E13: Technology | F13: Annual emissions
E14: Nuclear | F14: =B11 -> 95659.2
E15: Natural gas | F15: =B12 -> 3188640
A21: Chemical engineering relevance
A22: Area | B22: Relevance to nuclear power
A23: Thermodynamics | B23: Conversion of thermal energy into electrical power
A24: Heat transfer | B24: Steam generation and condenser heat rejection
A25: Fluid flow | B25: Circulation of water and steam through the power cycle
A26: Process control | B26: Monitoring and controlling temperature, pressure and flow
A27: Process safety | B27: Management of high temperature and pressure, and radioactive hazards
A28: Waste management | B28: Treatment, storage and disposal of radioactive materials
A29: Plant design | B29: Equipment, piping and integration of process systems
